item,name,lat,lon,article,image
http://www.wikidata.org/entity/Q168713,крейсер «Аврора»,59.95566,30.33746,https://ru.wikipedia.org/wiki/%D0%90%D0%B2%D1%80%D0%BE%D1%80%D0%B0_(%D0%BA%D1%80%D0%B5%D0%B9%D1%81%D0%B5%D1%80),http://commons.wikimedia.org/wiki/Special:FilePath/Cruiser%20Aurora.jpg
http://www.wikidata.org/entity/Q183334,Государственная Третьяковская галерея,55.741388888889,37.620277777778,https://ru.wikipedia.org/wiki/%D0%93%D0%BE%D1%81%D1%83%D0%B4%D0%B0%D1%80%D1%81%D1%82%D0%B2%D0%B5%D0%BD%D0%BD%D0%B0%D1%8F_%D0%A2%D1%80%D0%B5%D1%82%D1%8C%D1%8F%D0%BA%D0%BE%D0%B2%D1%81%D0%BA%D0%B0%D1%8F_%D0%B3%D0%B0%D0%BB%D0%B5%D1%80%D0%B5%D1%8F,http://commons.wikimedia.org/wiki/Special:FilePath/Moscow%2005-2012%20TretyakovGallery.jpg
http://www.wikidata.org/entity/Q132783,Государственный Эрмитаж,59.940556,30.313611,https://ru.wikipedia.org/wiki/%D0%AD%D1%80%D0%BC%D0%B8%D1%82%D0%B0%D0%B6,http://commons.wikimedia.org/wiki/Special:FilePath/Spb%2006-2012%20Palace%20Embankment%20various%2014.jpg
http://www.wikidata.org/entity/Q147994,Царицыно,55.616111111111,37.682777777778,https://ru.wikipedia.org/wiki/%D0%A6%D0%B0%D1%80%D0%B8%D1%86%D1%8B%D0%BD%D0%BE_(%D0%B4%D0%B2%D0%BE%D1%80%D1%86%D0%BE%D0%B2%D0%BE-%D0%BF%D0%B0%D1%80%D0%BA%D0%BE%D0%B2%D1%8B%D0%B9_%D0%B0%D0%BD%D1%81%D0%B0%D0%BC%D0%B1%D0%BB%D1%8C),http://commons.wikimedia.org/wiki/Special:FilePath/Tsaritsino%20from%20helicopter-1.jpg
http://www.wikidata.org/entity/Q190439,Центральный военно-морской музей,59.92969,30.29522,https://ru.wikipedia.org/wiki/%D0%A6%D0%B5%D0%BD%D1%82%D1%80%D0%B0%D0%BB%D1%8C%D0%BD%D1%8B%D0%B9_%D0%B2%D0%BE%D0%B5%D0%BD%D0%BD%D0%BE-%D0%BC%D0%BE%D1%80%D1%81%D0%BA%D0%BE%D0%B9_%D0%BC%D1%83%D0%B7%D0%B5%D0%B9_%D0%B8%D0%BC%D0%B5%D0%BD%D0%B8_%D0%B8%D0%BC%D0%BF%D0%B5%D1%80%D0%B0%D1%82%D0%BE%D1%80%D0%B0_%D0%9F%D0%B5%D1%82%D1%80%D0%B0_%D0%92%D0%B5%D0%BB%D0%B8%D0%BA%D0%BE%D0%B3%D0%BE,http://commons.wikimedia.org/wiki/Special:FilePath/Central%20Naval%20Museum.jpg